"person_age","person_gender","person_education","person_income","person_emp_exp","person_home_ownership","loan_amnt","loan_intent","loan_int_rate","loan_percent_income","cb_person_cred_hist_length","credit_score","previous_loan_defaults_on_file","loan_status","normalized_person_income"
21,"female","Master",71948,0,"RENT",35000,"PERSONAL",16.02,0.49,3,561,"No","1",0.0695255720702485
23,"female","Bachelor",79753,0,"RENT",35000,"MEDICAL",15.23,0.44,2,675,"No","1",0.0946028441257173
24,"male","Master",66135,1,"RENTT",35000,"MEDICAL",14.27,0.53,4,586,"No","1",0.0508485467712811
24,"male","High School",95550,5,"RENT",35000,"MEDICAL",11.11,0.37,4,585,"No","1",0.145358214613897
22,"female","Bachelor",100684,3,"RENT",35000,"PERSONAL",8.9,0.35,2,544,"No","1",0.161853629698173
22,"female","High School",102985,0,"RENT",35000,"VENTURE",10.37,0.34,4,621,"No","1",0.169246685815999
23,"male","Bachelor",114860,3,"RENT",35000,"VENTURE",7.9,0.3,2,573,"No","1",0.207400767258497
23,"male","Bachelor",144943,0,"RENT",35000,"EDUCATION",7.9,0.24,4,663,"No","0",0.30405670258773
23,"female","High School",111369,0,"RENT",35000,"MEDICAL",20,0.31,4,694,"No","1",0.196184270558222
23,"male","Bachelor",136628,0,"RENT",35000,"DEBTCONSOLIDATION",18.25,0.26,4,709,"No","1",0.277340813139784
25,"male","Bachelor",195718,0,"RENT",35000,"VENTURE",7.49,0.18,4,684,"Yes","0",0.467195522397651
25,"male","High School",165792,4,"RENT",34800,"PERSONAL",16.77,0.21,2,662,"No","0",0.371044024187278
22,"female","Master",79255,0,"RENT",34000,"EDUCATION",17.58,0.43,4,691,"No","1",0.0930027824365919
22,"male","Bachelor",97420,1,"RENT",33950,"PERSONAL",14.54,0.35,4,691,"No","1",0.151366478386315
24,"female","High School",82443,0,"RENT",33000,"HOMEIMPROVEMENT",12.68,0.4,3,654,"No","1",0.103245747627218
22,"female","Bachelor",79054,1,"RENT",32500,"HOMEIMPROVEMENT",9.99,0.41,3,700,"No","1",0.0923569744054389
26,"male","Bachelor",114645,2,"RENT",31050,"HOMEIMPROVEMENT",14.17,0.27,3,681,"No","1",0.206709977573433
26,"female","Associate",361076,1,"RENT",7800,"MEDICAL",13.49,0.02,4,669,"No","0",0.998486688643418
22,"female","Bachelor",58868,0,"RENT",30000,"EDUCATION",18.39,0.51,2,606,"No","1",0.0274998554161124
24,"male","High School",78026,3,"RENT",30000,"DEBTCONSOLIDATION",14.54,0.38,3,582,"No","1",0.0890540358182484
23,"female","High School",86811,0,"RENT",30000,"DEBTCONSOLIDATION",11.01,0.35,4,602,"No","1",0.117280023647498
26,"male","Bachelor",75503,5,"RENT",30000,"MEDICAL",17.99,0.4,2,616,"No","1",0.0809476991884024
26,"male","Bachelor",361293,5,"RENT",20000,"VENTURE",7.88,0.06,4,684,"Yes","0",0.99918390427904
22,"male","High School",361547,0,"RENT",24250,"EDUCATION",19.41,0.07,2,637,"Yes","0",1
26,"male","Master",360680,5,"RENT",10000,"HOMEIMPROVEMENT",10.38,0.03,4,649,"No","0",0.997214350432788
26,"male","Bachelor",360977,5,"RENT",25000,"EDUCATION",15.33,0.07,3,695,"Yes","0",0.99816860409076
25,"female","Bachelor",361244,2,"RENT",18000,"HOMEIMPROVEMENT",16.45,0.05,3,620,"No","0",0.999026468490351
26,"male","Bachelor",98230,2,"RENT",30000,"PERSONAL",7.49,0.31,3,622,"No","1",0.153968988362604
22,"female","High School",80838,0,"RENT",30000,"MEDICAL",12.69,0.37,3,645,"No","1",0.0980889223038318
26,"male","Master",107957,2,"RENT",30000,"DEBTCONSOLIDATION",6.62,0.28,3,654,"No","1",0.185221598905018
24,"female","Bachelor",94649,2,"RENT",30000,"DEBTCONSOLIDATION",11.01,0.32,4,624,"No","1",0.142463323887186
23,"male","High School",94550,1,"RENT",30000,"DEBTCONSOLIDATION",18.62,0.32,3,570,"No","1",0.142145239334529
23,"male","Bachelor",111153,3,"RENT",30000,"PERSONAL",15.23,0.27,3,648,"No","1",0.195490267897879
23,"female","Associate",117250,0,"RENT",30000,"VENTURE",10.65,0.26,2,652,"No","1",0.215079778176187
25,"male","Bachelor",144985,3,"RENT",30000,"EDUCATION",7.9,0.21,4,559,"No","0",0.304191647549464
26,"male","High School",337133,7,"RENT",10000,"PERSONAL",15.96,0.03,3,623,"Yes","0",0.921558421529505
26,"male","Associate",333566,2,"RENT",20000,"VENTURE",11.48,0.06,3,602,"Yes","0",0.910097738707998
23,"male","Bachelor",333399,1,"RENT",35000,"PERSONAL",11.01,0.1,4,609,"No","0",0.909561171836344
25,"male","Master",154793,1,"RENT",30000,"PERSONAL",7.29,0.19,4,573,"Yes","0",0.335704509089507
21,"female","Bachelor",158338,0,"RENT",30000,"VENTURE",5.99,0.19,4,623,"Yes","0",0.347094506454867
22,"female","Bachelor",331034,0,"RENT",12000,"VENTURE",11.58,0.04,2,602,"Yes","0",0.901962485300638
26,"female","High School",316466,6,"RENT",10000,"EDUCATION",11.01,0.03,4,579,"No","1",0.855155861430802
25,"female","Associate",267671,0,"RENT",25000,"MEDICAL",15.7,0.09,2,582,"No","1",0.698378732674031
22,"male","Master",85191,0,"RENT",29100,"EDUCATION",15.99,0.34,3,700,"No","1",0.112075003694922
26,"male","Bachelor",313100,3,"RENT",28000,"HOMEIMPROVEMENT",10.99,0.09,3,607,"Yes","0",0.844340986640449
25,"female","Bachelor",311952,0,"RENT",20000,"HOMEIMPROVEMENT",14.42,0.06,2,661,"Yes","0",0.840652491019734
24,"male","High School",306897,5,"RENT",9600,"EDUCATION",6.99,0.03,2,562,"Yes","0",0.824410900982528
25,"female","Bachelor",301136,0,"RENT",25000,"MEDICAL",13.49,0.08,4,664,"Yes","0",0.805900950398088
22,"male","Associate",69042,0,"RENT",28000,"MEDICAL",11.01,0.41,2,598,"No","1",0.0601886659084045
23,"female","Associate",79183,0,"RENT",28000,"EDUCATION",7.9,0.35,2,677,"No","1",0.0927714482164774
22,"male","Bachelor",102654,4,"RENT",28000,"VENTURE",7.49,0.27,3,690,"No","1",0.168183190998528
22,"male","High School",106566,0,"RENT",28000,"VENTURE",9.91,0.26,3,604,"No","1",0.180752350291417
24,"male","High School",100332,1,"RENT",28000,"VENTURE",15.99,0.28,4,634,"No","1",0.160722662399835
24,"male","Bachelor",300951,2,"RENT",18000,"EDUCATION",12.98,0.06,3,671,"No","0",0.805306549971404
25,"female","Bachelor",121062,1,"RENT",28000,"DEBTCONSOLIDATION",12.69,0.23,3,622,"No","0",0.227327639941138
26,"male","Associate",133372,1,"RENT",28000,"EDUCATION",8.9,0.21,2,538,"Yes","0",0.266879365630161
22,"male","Master",130852,0,"RENT",28000,"EDUCATION",11.01,0.21,4,683,"No","1",0.258782667926153
23,"male","Associate",182316,0,"RENT",28000,"DEBTCONSOLIDATION",11.11,0.15,2,634,"Yes","0",0.424135227703558
24,"female","Bachelor",83853,3,"RENT",27600,"HOMEIMPROVEMENT",11.01,0.33,2,690,"No","1",0.107776042771127
22,"female","Bachelor",85243,0,"RENT",27500,"EDUCATION",13.06,0.32,3,583,"No","1",0.112242078409449
22,"male","Associate",288907,2,"RENT",25000,"PERSONAL",11.01,0.09,2,617,"Yes","0",0.766609475706694
26,"male","Associate",89074,4,"RENT",27050,"VENTURE",15.62,0.3,2,668,"No","1",0.124550986704708
22,"male","Master",100509,2,"RENT",27000,"PERSONAL",13.49,0.27,2,673,"No","1",0.161291359024284
24,"male","High School",88950,3,"RENT",27000,"VENTURE",11.01,0.3,3,706,"No","1",0.124152577770067
23,"female","High School",75894,1,"RENT",26000,"MEDICAL",11.71,0.34,2,536,"No","1",0.0822039725226354
22,"male","Associate",145092,0,"RENT",25600,"EDUCATION",12.69,0.18,3,557,"Yes","0",0.304535435904356
22,"male","Bachelor",73131,3,"RENT",25475,"VENTURE",10.99,0.35,3,681,"No","1",0.0733265218257411
25,"male","Master",281501,4,"RENT",20000,"MEDICAL",14.27,0.07,4,623,"Yes","0",0.742814180787693
24,"female","Associate",281775,0,"RENT",20000,"HOMEIMPROVEMENT",8.88,0.07,4,595,"Yes","0",0.74369453601424
26,"male","Bachelor",281792,1,"RENT",21600,"HOMEIMPROVEMENT",12.18,0.08,3,584,"Yes","0",0.743749156593989
25,"male","Bachelor",266090,4,"RENT",11900,"DEBTCONSOLIDATION",14.42,0.04,3,669,"No","1",0.69329901875735
26,"male","High School",279664,3,"RENT",25000,"MEDICAL",14.17,0.09,2,642,"Yes","0",0.736911945199494
25,"female","High School",277017,4,"RENT",35000,"MEDICAL",13.99,0.13,4,622,"Yes","0",0.728407199635006
23,"male","Associate",100756,0,"RENT",25300,"EDUCATION",10.99,0.25,3,689,"No","1",0.162084963918288
21,"female","Bachelor",51922,3,"RENT",25000,"EDUCATION",12.73,0.48,3,673,"No","1",0.00518252912562091
24,"male","Associate",50309,3,"RENT",25000,"HOMEIMPROVEMENT",11.01,0.5,3,625,"No","1",0
26,"male","Master",272201,5,"RENT",20000,"HOMEIMPROVEMENT",11.49,0.07,4,670,"Yes","0",0.712933510689569
25,"female","Bachelor",271324,3,"RENT",30000,"HOMEIMPROVEMENT",19.91,0.11,2,637,"Yes","0",0.710115731369563
26,"male","Associate",256862,2,"RENT",35000,"EDUCATION",10.65,0.14,2,643,"No","1",0.66364968287934
24,"male","High School",271342,0,"RENT",6000,"MEDICAL",11.01,0.02,4,508,"Yes","0",0.710173564924591
22,"male","Bachelor",51608,0,"RENT",25000,"MEDICAL",14.59,0.48,2,593,"No","1",0.00417365488789929
26,"female","Master",58516,6,"RENT",25000,"EDUCATION",9.64,0.43,4,686,"No","1",0.0263688881177748
25,"female","Associate",51747,3,"RENT",25000,"EDUCATION",16.35,0.48,3,697,"No","1",0.00462025845173147
21,"male","High School",59864,0,"RENT",25000,"EDUCATION",10.99,0.42,2,648,"No","1",0.0306999787943632
22,"male","Master",270972,1,"RENT",25000,"VENTURE",18.67,0.09,2,640,"Yes","0",0.708984764071225
22,"male","Bachelor",270870,5,"RENT",3000,"EDUCATION",9.32,0.01,4,681,"No","0",0.70865704059273
23,"female","Associate",270729,0,"RENT",7500,"DEBTCONSOLIDATION",8.63,0.03,2,646,"No","0",0.708204011078339
26,"male","Bachelor",270877,4,"RENT",25000,"VENTURE",10.08,0.09,2,615,"Yes","0",0.708679531419685
22,"male","Associate",60501,0,"RENT",25000,"PERSONAL",11.83,0.41,3,687,"No","1",0.0327466440473207
23,"male","High School",60754,1,"RENT",25000,"DEBTCONSOLIDATION",7.9,0.41,3,650,"No","1",0.0335595267930009
25,"male","Bachelor",60829,0,"RENT",25000,"HOMEIMPROVEMENT",5.99,0.41,2,588,"No","1",0.0338004999389535
24,"male","Bachelor",53825,2,"RENT",25000,"DEBTCONSOLIDATION",15.33,0.46,2,652,"No","1",0.0112968210822586
23,"male","High School",60801,0,"RENT",25000,"VENTURE",11.83,0.41,4,658,"No","1",0.0337105366311312
22,"male","High School",60747,0,"RENT",25000,"VENTURE",10.36,0.41,2,634,"No","1",0.0335370359660453
22,"female","High School",61029,0,"RENT",25000,"VENTURE",12.23,0.41,3,623,"No","1",0.0344430949948271
22,"female","Associate",63236,0,"RENT",25000,"EDUCATION",11.11,0.4,4,635,"No","1",0.0415341314363927
24,"female","Master",265066,4,"RENT",25000,"EDUCATION",11.58,0.09,2,665,"Yes","0",0.690008932071277
23,"male","Associate",260205,2,"RENT",21000,"DEBTCONSOLIDATION",8.9,0.08,3,703,"No","0",0.674390659238268
25,"female","Associate",260035,5,"RENT",25000,"EDUCATION",16.07,0.1,3,585,"Yes","0",0.673844453440775
26,"female","Bachelor",260444,4,"RENT",20000,"EDUCATION",14.22,0.08,2,594,"No","0",0.675158560330037
23,"male","Bachelor",258980,0,"RENT",35000,"MEDICAL",14.79,0.14,3,618,"Yes","0",0.670454764521042
22,"male","High School",259081,2,"RENT",12000,"EDUCATION",7.88,0.05,2,626,"Yes","0",0.670779275024258
23,"male","High School",63497,0,"RENT",25000,"PERSONAL",13.22,0.39,2,695,"No","1",0.0423727179843078
26,"female","Doctorate",56325,2,"RENT",25000,"DEBTCONSOLIDATION",11.86,0.44,4,690,"No","1",0.0193292592806791
22,"male","Bachelor",64842,0,"RENT",25000,"EDUCATION",13.43,0.39,4,574,"No","1",0.0466941697350581
26,"female","High School",57856,0,"RENT",25000,"HOMEIMPROVEMENT",15.28,0.43,2,602,"No","1",0.0242483244333918
23,"male","Associate",57318,0,"RENT",25000,"VENTURE",17.93,0.44,2,679,"No","1",0.0225197437330917
22,"male","Associate",252803,0,"RENT",16000,"VENTURE",10.62,0.06,4,577,"Yes","0",0.650608216220384
22,"female","Associate",253061,3,"RENT",22000,"PERSONAL",11.83,0.09,4,588,"Yes","0",0.651437163842461
26,"male","Bachelor",58602,8,"RENT",25000,"VENTURE",18.43,0.43,2,595,"No","1",0.0266452039918005
22,"male","High School",67012,2,"RENT",25000,"EDUCATION",11.01,0.37,4,653,"No","1",0.0536663260912871
24,"female","Master",66643,3,"RENT",25000,"HOMEIMPROVEMENT",11.01,0.38,4,663,"No","1",0.0524807382132002
23,"male","Bachelor",66599,0,"RENT",25000,"EDUCATION",11.36,0.38,3,653,"No","1",0.052339367300908
23,"male","Associate",67212,2,"RENT",25000,"EDUCATION",15.65,0.37,3,598,"No","1",0.0543089211471607
24,"female","High School",66918,1,"RENT",25000,"PERSONAL",13.22,0.37,4,630,"No","1",0.0533643064150264
26,"male","Associate",68066,2,"RENT",25000,"DEBTCONSOLIDATION",12.87,0.37,2,637,"No","1",0.0570528020357411
24,"male","Associate",245545,1,"RENT",20000,"MEDICAL",13.04,0.08,3,660,"Yes","0",0.62728844164273
23,"male","Associate",229083,0,"RENT",22000,"EDUCATION",17.58,0.1,3,639,"No","1",0.574396442593771
22,"female","Associate",72608,3,"RENT",25000,"PERSONAL",10.99,0.34,3,612,"No","1",0.0716461357546315
24,"male","Bachelor",73073,1,"RENT",25000,"PERSONAL",11.11,0.34,3,628,"No","1",0.0731401692595377
26,"female","Master",65880,2,"RENT",25000,"DEBTCONSOLIDATION",14.83,0.38,2,592,"No","1",0.0500292380750423
24,"male","Bachelor",241180,3,"RENT",12000,"MEDICAL",12.69,0.05,2,634,"No","0",0.613263804548288
24,"male","Associate",240894,3,"RENT",12000,"HOMEIMPROVEMENT",13.49,0.05,2,678,"No","0",0.612344893618389
21,"male","High School",240980,0,"RENT",16000,"EDUCATION",14.65,0.07,4,557,"Yes","0",0.612621209492414
25,"male","Bachelor",65742,3,"RENT",25000,"HOMEIMPROVEMENT",16.82,0.38,4,672,"No","1",0.0495858474864894
23,"male","Bachelor",72713,0,"RENT",25000,"PERSONAL",12.73,0.34,3,613,"No","1",0.0719834981589652
23,"male","High School",72627,3,"RENT",25000,"PERSONAL",10.25,0.34,4,566,"No","1",0.0717071822849395
21,"male","Associate",72843,0,"RENT",25000,"EDUCATION",10.99,0.34,4,718,"No","1",0.072401184945283
25,"male","High School",75504,4,"RENT",25000,"MEDICAL",12.73,0.33,2,484,"No","1",0.0809509121636818
22,"female","High School",68824,0,"RENT",25000,"HOMEIMPROVEMENT",14.96,0.36,3,634,"No","1",0.0594882372975022
23,"female","Bachelor",241167,2,"RENT",28000,"EDUCATION",11.01,0.12,2,653,"Yes","0",0.613222035869656
21,"male","Bachelor",241060,0,"RENT",25000,"DEBTCONSOLIDATION",13.99,0.1,2,699,"No","0",0.612878247514764
24,"male","High School",240855,0,"RENT",24000,"VENTURE",7.49,0.1,4,656,"Yes","0",0.612219587582493
22,"male","High School",241030,3,"RENT",15000,"EDUCATION",14.79,0.06,3,626,"Yes","0",0.612781858256383
25,"male","High School",240895,2,"RENT",15500,"DEBTCONSOLIDATION",11.99,0.06,2,659,"No","0",0.612348106593668
24,"female","High School",240932,4,"RENT",10000,"EDUCATION",8.49,0.04,4,604,"Yes","0",0.612466986679004
24,"male","Associate",80145,1,"RENT",25000,"EDUCATION",9.91,0.31,2,636,"No","1",0.0958623304352296
22,"male","Master",80303,0,"RENT",25000,"EDUCATION",13.06,0.31,3,554,"No","1",0.0963699805293698
22,"male","High School",241048,0,"RENT",9000,"DEBTCONSOLIDATION",6.17,0.04,4,587,"Yes","0",0.612839691811411
25,"male","Bachelor",241005,4,"RENT",18000,"EDUCATION",16.32,0.07,3,708,"Yes","0",0.612701533874398
22,"female","Master",240768,2,"RENT",12000,"VENTURE",10.38,0.05,2,669,"Yes","0",0.611940058733188
25,"male","Associate",241201,2,"RENT",23050,"PERSONAL",14.35,0.1,3,578,"No","0",0.613331277029155
24,"male","Bachelor",240920,5,"RENT",20000,"DEBTCONSOLIDATION",11.01,0.08,3,615,"No","0",0.612428430975652
22,"male","Master",72919,1,"RENT",25000,"DEBTCONSOLIDATION",11.01,0.34,2,553,"No","1",0.072645371066515
26,"female","Associate",81238,3,"RENT",25000,"PERSONAL",15.21,0.31,2,531,"No","1",0.0993741124155791
23,"male","High School",80868,1,"RENT",25000,"EDUCATION",7.9,0.31,4,621,"No","1",0.0981853115622128
22,"male","Bachelor",81537,1,"RENT",25000,"VENTURE",10.99,0.31,3,674,"No","1",0.10033479202411
24,"female","Associate",82741,0,"RENT",25000,"PERSONAL",14.09,0.3,3,688,"No","1",0.104203214260469
25,"female","High School",83901,3,"RENT",25000,"PERSONAL",17.49,0.3,2,597,"No","1",0.107930265584537
22,"male","Associate",240717,1,"RENT",12000,"EDUCATION",11.48,0.05,3,640,"No","0",0.61177619699394
26,"male","Associate",226744,0,"RENT",20000,"VENTURE",17.74,0.09,2,621,"No","1",0.566881293415328
26,"female","Bachelor",241114,5,"RENT",3000,"PERSONAL",13.92,0.01,3,608,"Yes","0",0.61305174817985
25,"male","Bachelor",85284,3,"RENT",25000,"EDUCATION",15.21,0.29,3,653,"No","1",0.112373810395903
